CITY,in_lat,in_lon,out_lat,out_lon,gap
chennai,80.237617,13.067439,78.121719,9.939093,1421.2
chennai,80.237617,13.067439,79.894005,13.144443,1421.2
chennai,80.237617,13.067439,78.075639,10.958223,1421.2
coimbatore,76.961632,11.004556,78.075639,10.958223,1664.4
madurai,80.237617,13.067439,78.121719,9.939093,650.2
salem,77.475529,10.011296,78.146011,11.664325,-2054
erode,78.121719,9.939093,77.728165,11.342423,-2426
thoothukudi,78.133415,8.765346,77.475529,10.011296,248.2
